"0","    var_names <- read_csv('../data/biomarker-raw.csv', "
"0","                         col_names = F, "
"0","                         n_max = 2, "
"0","                         col_select = -(1:2)) %>%"
"0","      t() %>%"
"0","      as_tibble() %>%"
"0","      rename(name = V1, "
"0","             abbreviation = V2) %>%"
"0","      na.omit()"
"2","[1mRows: [22m[34m2[39m [1mColumns: [22m[34m1318[39m"
"2","[36mâ”€â”€[39m [1mColumn specification[22m [36mâ”€â”€â”€â”€â”€â”€â”€â”€â”€â”€â”€â”€â”€â”€â”€â”€â”€â”€â”€â”€â”€â”€â”€â”€â”€â”€â”€â”€â”€â”€â”€â”€â”€â”€â”€â”€â”€â”€â”€â”€â”€â”€â”€â”€â”€â”€â”€â”€â”€â”€â”€â”€â”€â”€â”€â”€â”€â”€â”€â”€â”€â”€â”€â”€â”€â”€â”€â”€â”€â”€â”€â”€â”€â”€â”€â”€â”€â”€â”€â”€â”€â”€â”€â”€â”€â”€â”€â”€[39m
[1mDelimiter:[22m "",""
[31mchr[39m (1318): X3, X4, X5, X6, X7, X8, X9, X10, X11, X12, X13, X14, X15, X16, X17, X18, X19, X20, X21, X22, X23..."
"2","
[36mâ„¹[39m Use `spec()` to retrieve the full column specification for this data.
[36mâ„¹[39m Specify the column types or set `show_col_types = FALSE` to quiet this message."
"0","    biomarker_not_transformed <- read_csv('../data/biomarker-raw.csv', "
"0","             skip = 2,"
"0","             col_select = -2L,"
"0","             col_names = c('group', "
"0","                           'empty',"
"0","                           pull(var_names, abbreviation),"
"0","                           'ados'),"
"0","             na = c('-', '')) %>%"
"0","      filter(!is.na(group)) %>%"
"0","      # reorder columns"
"0","      select(group, ados, everything())"
"2","[1mRows: [22m[34m155[39m [1mColumns: [22m[34m1319[39m"
"2","[36mâ”€â”€[39m [1mColumn specification[22m [36mâ”€â”€â”€â”€â”€â”€â”€â”€â”€â”€â”€â”€â”€â”€â”€â”€â”€â”€â”€â”€â”€â”€â”€â”€â”€â”€â”€â”€â”€â”€â”€â”€â”€â”€â”€â”€â”€â”€â”€â”€â”€â”€â”€â”€â”€â”€â”€â”€â”€â”€â”€â”€â”€â”€â”€â”€â”€â”€â”€â”€â”€â”€â”€â”€â”€â”€â”€â”€â”€â”€â”€â”€â”€â”€â”€â”€â”€â”€â”€â”€â”€â”€â”€â”€â”€â”€â”€â”€[39m
[1mDelimiter:[22m "",""
[31mchr[39m    (1): group
[32mdbl[39m (1318): CHIP, CEBPB, NSE, PIAS4, IL-10 Ra, STAT3, IRF1, c-Jun, Mcl-1, OAS1, c-Myc, SMAD3, SMAD2, IL-23, ..."
"2","
[36mâ„¹[39m Use `spec()` to retrieve the full column specification for this data.
[36mâ„¹[39m Specify the column types or set `show_col_types = FALSE` to quiet this message."
"0","    # Select a sample of proteins"
"0","    set.seed(123)"
"0","    sample_proteins <- sample(colnames(biomarker_not_transformed)[3:ncol(biomarker_not_transformed)], 10)"
"0",""
"0","    # Check data types (optional)"
"0","    str(biomarker_not_transformed[, sample_proteins])  # View data types of selected proteins"
"1","tibble [154 Ã— 10]"
"1",""
"1"," (S3: "
"1",""
"1","tbl_df/tbl/data.frame"
"1",""
"1",")"
"1",""
"1","
"
"1"," "
"1",""
"1","$ "
"1",""
"1","TNF sR-II      "
"1",""
"1",":"
"1"," num [1:154] "
"1",""
"1","9927 8029 7105 7369 6267"
"1",""
"1"," ..."
"1",""
"1","
"
"1"," "
"1",""
"1","$ "
"1",""
"1","BGN            "
"1",""
"1",":"
"1"," num [1:154] "
"1",""
"1","6908 6244 6542 4776 6551"
"1",""
"1"," ..."
"1",""
"1","
"
"1"," "
"1",""
"1","$ "
"1",""
"1","Lymphotoxin b R"
"1",""
"1",":"
"1"," num [1:154] "
"1",""
"1","5043 4561 3502 3499 3486"
"1",""
"1"," ..."
"1",""
"1","
"
"1"," "
"1",""
"1","$ "
"1",""
"1","LYNB           "
"1",""
"1",":"
"1"," num [1:154] "
"1",""
"1","454 229 160 251 206"
"1",""
"1"," ..."
"1",""
"1","
"
"1"," "
"1",""
"1","$ "
"1",""
"1","CK-MM          "
"1",""
"1",":"
"1"," num [1:154] "
"1",""
"1","804 783 874 639 718"
"1",""
"1"," ..."
"1",""
"1","
"
"1"," "
"1",""
"1","$ "
"1",""
"1","VEGF121        "
"1",""
"1",":"
"1"," num [1:154] "
"1",""
"1","3022 873 827 1522 804"
"1",""
"1"," ..."
"1",""
"1","
"
"1"," "
"1",""
"1","$ "
"1",""
"1","Apo E2         "
"1",""
"1",":"
"1"," num [1:154] "
"1",""
"1","210335 151224 201665 193216 174375"
"1",""
"1"," ..."
"1",""
"1","
"
"1"," "
"1",""
"1","$ "
"1",""
"1","Somatostatin-28"
"1",""
"1",":"
"1"," num [1:154] "
"1",""
"1","1084 1254 1344 1154 1144"
"1",""
"1"," ..."
"1",""
"1","
"
"1"," "
"1",""
"1","$ "
"1",""
"1","PACAP-27       "
"1",""
"1",":"
"1"," num [1:154] "
"1",""
"1","378 986 382 491 351"
"1",""
"1"," ..."
"1",""
"1","
"
"1"," "
"1",""
"1","$ "
"1",""
"1","TS             "
"1",""
"1",":"
"1"," num [1:154] "
"1",""
"1","525 562 535 462 460"
"1",""
"1"," ..."
"1",""
"1","
"
"1"," "
"1",""
"1","- attr(*, ""spec"")="
"1","
"
"1",""
"1","  .. cols(
  ..   group = [31mcol_character()[39m,
  ..   empty = col_skip(),
  ..   CHIP = [32mcol_double()[39m,
  ..   CEBPB = [32mcol_double()[39m,
  ..   NSE = [32mcol_double()[39m,
  ..   PIAS4 = [32mcol_double()[39m,
  ..   `IL-10 Ra` = [32mcol_double()[39m,
  ..   STAT3 = [32mcol_double()[39m,
  ..   IRF1 = [32mcol_double()[39m,
  ..   `c-Jun` = [32mcol_double()[39m,
  ..   `Mcl-1` = [32mcol_double()[39m,
  ..   OAS1 = [32mcol_double()[39m,
  ..   `c-Myc` = [32mcol_double()[39m,
  ..   SMAD3 = [32mcol_double()[39m,
  ..   SMAD2 = [32mcol_double()[39m,
  ..   `IL-23` = [32mcol_double()[39m,
  ..   PDGFRA = [32mcol_double()[39m,
  ..   `IL-12` = [32mcol_double()[39m,
  ..   STAT1 = [32mcol_double()[39m,
  ..   STAT6 = [32mcol_double()[39m,
  ..   LRRK2 = [32mcol_double()[39m,
  ..   Osteocalcin = [32mcol_double()[39m,
  ..   `IL-5` = [32mcol_double()[39m,
  ..   GPDA = [32mcol_double()[39m,
  ..   IgA = [32mcol_double()[39m,
  ..   LPPL = [32mcol_double()[39m,
  ..   HEMK2 = [32mcol_double()[39m,
  ..   PDXK = [32mcol_double()[39m,
  ..   TLR4 = [32mcol_double()[39m,
  ..   REG4 = [32mcol_double()[39m,
  ..   `HSP 27` = [32mcol_double()[39m,
  ..   `YKL-40` = [32mcol_double()[39m,
  ..   `Alpha enolase` = [32mcol_double()[39m,
  ..   `Apo L1` = [32mcol_double()[39m,
  ..   CD38 = [32mcol_double()[39m,
  ..   CD59 = [32mcol_double()[39m,
  ..   FABPL = [32mcol_double()[39m,
  ..   `GDF-11` = [32mcol_double()[39m,
  ..   BTC = [32mcol_double()[39m,
  ..   `HIF-1a` = [32mcol_double()[39m,
  ..   S100A6 = [32mcol_double()[39m,
  ..   SECTM1 = [32mcol_double()[39m,
  ..   RSPO3 = [32mcol_double()[39m,
  ..   PSP = [32mcol_double()[39m,
  ..   `Apoptosis regulator Bcl-W` = [32mcol_double()[39m,
  ..   `VEGF-D` = [32mcol_double()[39m,
  ..   SOST = [32mcol_double()[39m,
  ..   FAM3D = [32mcol_double()[39m,
  ..   CSH = [32mcol_double()[39m,
  ..   EFNB1 = [32mcol_double()[39m,
  ..   SNP25 = [32mcol_double()[39m,
  ..   LYPD3 = [32mcol_double()[39m,
  ..   NEGR1 = [32mcol_double()[39m,
  ..   BCL6 = [32mcol_double()[39m,
  ..   FSTL1 = [32mcol_double()[39m,
  ..   Osteopontin = [32mcol_double()[39m,
  ..   Lumican = [32mcol_double()[39m,
  ..   CD177 = [32mcol_double()[39m,
  ..   CHKB = [32mcol_double()[39m,
  ..   SMOC1 = [32mcol_double()[39m,
  ..   `protein Z inhibitor` = [32mcol_double()[39m,
  ..   FLRT2 = [32mcol_double()[39m,
  ..   FLRT3 = [32mcol_double()[39m,
  ..   ISLR2 = [32mcol_double()[39m,
  ..   Vitronectin = [32mcol_double()[39m,
  ..   DSC2 = [32mcol_double()[39m,
  ..   LDLR = [32mcol_double()[39m,
  ..   HXK2 = [32mcol_double()[39m,
  ..   HXK1 = [32mcol_double()[39m,
  ..   SEM5A = [32mcol_double()[39m,
  ..   LTBP4 = [32mcol_double()[39m,
  ..   PIANP = [32mcol_double()[39m,
  ..   Adrenomedullin = [32mcol_double()[39m,
  ..   S100A4 = [32mcol_double()[39m,
  ..   RNF43 = [32mcol_double()[39m,
  ..   `TRAIL R4` = [32mcol_double()[39m,
  ..   ZNRF3 = [32mcol_double()[39m,
  ..   GI24 = [32mcol_double()[39m,
  ..   `Ephrin-A2` = [32mcol_double()[39m,
  ..   ApoM = [32mcol_double()[39m,
  ..   `IFN-b` = [32mcol_double()[39m,
  ..   IFN10 = [32mcol_double()[39m,
  ..   IFNA7 = [32mcol_double()[39m,
  ..   EFNB2 = [32mcol_double()[39m,
  ..   HHLA2 = [32mcol_double()[39m,
  ..   `IL-1 sRII` = [32mcol_double()[39m,
  ..   AMGO2 = [32mcol_double()[39m,
  ..   RXFP1 = [32mcol_double()[39m,
  ..   C1QR1 = [32mcol_double()[39m,
  ..   NRG4 = [32mcol_double()[39m,
  ..   H2B2E = [32mcol_double()[39m,
  ..   H2A3 = [32mcol_double()[39m,
  ..   H31 = [32mcol_double()[39m,
  ..   `IFN-g` = [32mcol_double()[39m,
  ..   `IL-1F8` = [32mcol_double()[39m,
  ..   `IL-1F6` = [32mcol_double()[39m,
  ..   UCRP = [32mcol_double()[39m,
  ..   `Ephrin-A3` = [32mcol_double()[39m,
  ..   `14-3-3 protein beta/alpha` = [32mcol_double()[39m,
  ..   `14-3-3E` = [32mcol_double()[39m,
  ..   `Annexin V` = [32mcol_double()[39m,
  ..   Myostatin = [32mcol_double()[39m,
  ..   HCE001796 = [32mcol_double()[39m,
  ..   HCE003167 = [32mcol_double()[39m,
  ..   C4b = [32mcol_double()[39m,
  ..   `Coagulation Factor XI` = [32mcol_double()[39m,
  ..   CTACK = [32mcol_double()[39m,
  ..   HCE000414 = [32mcol_double()[39m,
  ..   Endostatin = [32mcol_double()[39m,
  ..   `TIMP-1` = [32mcol_double()[39m,
  ..   tPA = [32mcol_double()[39m,
  ..   HCE003183 = [32mcol_double()[39m,
  ..   `EG-VEGF` = [32mcol_double()[39m,
  ..   HCE004333 = [32mcol_double()[39m,
  ..   HCE004359 = [32mcol_double()[39m,
  ..   `TIMP-2` = [32mcol_double()[39m,
  ..   HCE004331 = [32mcol_double()[39m,
  ..   HCE003300 = [32mcol_double()[39m,
  ..   HCE000483 = [32mcol_double()[39m,
  ..   `TGF-b1` = [32mcol_double()[39m,
  ..   `VEGF sR3` = [32mcol_double()[39m,
  ..   HCE004152 = [32mcol_double()[39m,
  ..   C5 = [32mcol_double()[39m,
  ..   `Apo E` = [32mcol_double()[39m,
  ..   BDNF = [32mcol_double()[39m,
  ..   C8 = [32mcol_double()[39m,
  ..   HCE000342 = [32mcol_double()[39m,
  ..   `Cathepsin G` = [32mcol_double()[39m,
  ..   `CXCL16, soluble` = [32mcol_double()[39m,
  ..   `FGF-10` = [32mcol_double()[39m,
  ..   `FGF-8B` = [32mcol_double()[39m,
  ..   GIIE = [32mcol_double()[39m,
  ..   GV = [32mcol_double()[39m,
  ..   `MIP-3a` = [32mcol_double()[39m,
  ..   SAP = [32mcol_double()[39m,
  ..   `SCF sR` = [32mcol_double()[39m,
  ..   `TIMP-3` = [32mcol_double()[39m,
  ..   `Angiopoietin-4` = [32mcol_double()[39m,
  ..   `Cadherin E` = [32mcol_double()[39m,
  ..   `GFRa-3` = [32mcol_double()[39m,
  ..   HCE000104 = [32mcol_double()[39m,
  ..   `Ephrin-B3` = [32mcol_double()[39m,
  ..   `GFRa-2` = [32mcol_double()[39m,
  ..   `6Ckine` = [32mcol_double()[39m,
  ..   `HMG-1` = [32mcol_double()[39m,
  ..   OPG = [32mcol_double()[39m,
  ..   `b-Endorphin` = [32mcol_double()[39m,
  ..   `Factor I` = [32mcol_double()[39m,
  ..   `IGFBP-3` = [32mcol_double()[39m,
  ..   `MCP-1` = [32mcol_double()[39m,
  ..   `MMP-9` = [32mcol_double()[39m,
  ..   Myeloperoxidase = [32mcol_double()[39m,
  ..   PRL = [32mcol_double()[39m,
  ..   VEGF = [32mcol_double()[39m,
  ..   `4-1BB` = [32mcol_double()[39m,
  ..   `4-1BB ligand` = [32mcol_double()[39m,
  ..   `Angiopoietin-2` = [32mcol_double()[39m,
  ..   B7 = [32mcol_double()[39m,
  ..   CD30 = [32mcol_double()[39m,
  ..   `CLF-1/CLC Complex` = [32mcol_double()[39m,
  ..   `Cystatin C` = [32mcol_double()[39m,
  ..   Dtk = [32mcol_double()[39m,
  ..   `eIF-5` = [32mcol_double()[39m,
  ..   `Ephrin-A4` = [32mcol_double()[39m,
  ..   `Ephrin-A5` = [32mcol_double()[39m,
  ..   ERBB2 = [32mcol_double()[39m,
  ..   ERBB3 = [32mcol_double()[39m,
  ..   ERBB4 = [32mcol_double()[39m,
  ..   `GA733-1 protein` = [32mcol_double()[39m,
  ..   `gp130, soluble` = [32mcol_double()[39m,
  ..   `HO-2` = [32mcol_double()[39m,
  ..   `HPV E7 Type 16` = [32mcol_double()[39m,
  ..   `HPV E7 Type18` = [32mcol_double()[39m,
  ..   `HSP 90a/b` = [32mcol_double()[39m,
  ..   `IL-1 R AcP` = [32mcol_double()[39m,
  ..   `IL-10 Rb` = [32mcol_double()[39m,
  ..   `IL-12 Rb1` = [32mcol_double()[39m,
  ..   `IL-13 Ra1` = [32mcol_double()[39m,
  ..   `IL-2 sRg` = [32mcol_double()[39m,
  ..   Layilin = [32mcol_double()[39m,
  ..   `Lymphotoxin b R` = [32mcol_double()[39m,
  ..   `Macrophage mannose receptor` = [32mcol_double()[39m,
  ..   `M-CSF R` = [32mcol_double()[39m,
  ..   `MSP R` = [32mcol_double()[39m,
  ..   `PAFAH beta subunit` = [32mcol_double()[39m,
  ..   `P-Cadherin` = [32mcol_double()[39m,
  ..   `PKC-A` = [32mcol_double()[39m,
  ..   `PKC-Z` = [32mcol_double()[39m,
  ..   `Rab GDP dissociation inhibitor beta` = [32mcol_double()[39m,
  ..   `sICAM-3` = [32mcol_double()[39m,
  ..   suPAR = [32mcol_double()[39m,
  ..   `TNF sR-I` = [32mcol_double()[39m,
  ..   TrkC = [32mcol_double()[39m,
  ..   BCMA = [32mcol_double()[39m,
  ..   `Bone proteoglycan II` = [32mcol_double()[39m,
  ..   `Calpain I` = [32mcol_double()[39m,
  ..   `CK-MM` = [32mcol_double()[39m,
  ..   ERBB1 = [32mcol_double()[39m,
  ..   HGF = [32mcol_double()[39m,
  ..   `HSP 60` = [32mcol_double()[39m,
  ..   iC3b = [32mcol_double()[39m,
  ..   `IGFBP-5` = [32mcol_double()[39m,
  ..   `IGFBP-6` = [32mcol_double()[39m,
  ..   MIA = [32mcol_double()[39m,
  ..   `NPS-PLA2` = [32mcol_double()[39m,
  ..   OSM = [32mcol_double()[39m,
  ..   `PECAM-1` = [32mcol_double()[39m,
  ..   Persephin = [32mcol_double()[39m,
  ..   `PF-4` = [32mcol_double()[39m,
  ..   `Protein S` = [32mcol_double()[39m,
  ..   TACI = [32mcol_double()[39m,
  ..   TECK = [32mcol_double()[39m,
  ..   `Thyroxine-Binding Globulin` = [32mcol_double()[39m,
  ..   TNFSF18 = [32mcol_double()[39m,
  ..   `CNTFR alpha` = [32mcol_double()[39m,
  ..   `EMAP-2` = [32mcol_double()[39m,
  ..   `EPO-R` = [32mcol_double()[39m,
  ..   `G-CSF-R` = [32mcol_double()[39m,
  ..   `IL-1F7` = [32mcol_double()[39m,
  ..   Laminin = [32mcol_double()[39m,
  ..   MICA = [32mcol_double()[39m,
  ..   `NADPH-P450 Oxidoreductase` = [32mcol_double()[39m,
  ..   NANOG = [32mcol_double()[39m,
  ..   NKp44 = [32mcol_double()[39m,
  ..   NovH = [32mcol_double()[39m,
  ..   `Siglec-6` = [32mcol_double()[39m,
  ..   `Siglec-7` = [32mcol_double()[39m,
  ..   `Sonic Hedgehog` = [32mcol_double()[39m,
  ..   IgG = [32mcol_double()[39m,
  ..   `TSLP R` = [32mcol_double()[39m,
  ..   `ULBP-3` = [32mcol_double()[39m,
  ..   `Activin A` = [32mcol_double()[39m,
  ..   `Apo A-I` = [32mcol_double()[39m,
  ..   Azurocidin = [32mcol_double()[39m,
  ..   `BMP-14` = [32mcol_double()[39m,
  ..   C1q = [32mcol_double()[39m,
  ..   C3 = [32mcol_double()[39m,
  ..   C3adesArg = [32mcol_double()[39m,
  ..   DRR1 = [32mcol_double()[39m,
  ..   `FGF-18` = [32mcol_double()[39m,
  ..   `FGF-19` = [32mcol_double()[39m,
  ..   `FGF-20` = [32mcol_double()[39m,
  ..   FGF9 = [32mcol_double()[39m,
  ..   `GDF-11/8` = [32mcol_double()[39m,
  ..   Hemopexin = [32mcol_double()[39m,
  ..   `HIV-2 Rev` = [32mcol_double()[39m,
  ..   `I-309` = [32mcol_double()[39m,
  ..   `IGFBP-1` = [32mcol_double()[39m,
  ..   `IL-10` = [32mcol_double()[39m,
  ..   `IL-16` = [32mcol_double()[39m,
  ..   `IL-17F` = [32mcol_double()[39m,
  ..   `IL-22` = [32mcol_double()[39m,
  ..   Lactoferrin = [32mcol_double()[39m,
  ..   `LAG-1` = [32mcol_double()[39m,
  ..   `LD78-beta` = [32mcol_double()[39m,
  ..   `MCP-2` = [32mcol_double()[39m,
  ..   `MMP-3` = [32mcol_double()[39m,
  ..   `MMP-7` = [32mcol_double()[39m,
  ..   `NAP-2` = [32mcol_double()[39m,
  ..   SOD = [32mcol_double()[39m,
  ..   Fibrinogen = [32mcol_double()[39m,
  ..   `Apo B` = [32mcol_double()[39m,
  ..   ACE2 = [32mcol_double()[39m,
  ..   `Activin RIB` = [32mcol_double()[39m,
  ..   `ADAMTS-4` = [32mcol_double()[39m,
  ..   `Angiopoietin-1` = [32mcol_double()[39m,
  ..   ART = [32mcol_double()[39m,
  ..   BCAM = [32mcol_double()[39m,
  ..   `Cadherin-5` = [32mcol_double()[39m,
  ..   CD97 = [32mcol_double()[39m,
  ..   COMMD7 = [32mcol_double()[39m,
  ..   EDA = [32mcol_double()[39m,
  ..   `Fractalkine/CX3CL-1` = [32mcol_double()[39m,
  ..   `HAI-1` = [32mcol_double()[39m,
  ..   `IL-27` = [32mcol_double()[39m,
  ..   `Kallikrein 11` = [32mcol_double()[39m,
  ..   `Kallikrein 4` = [32mcol_double()[39m,
  ..   `kallikrein 8` = [32mcol_double()[39m,
  ..   Ku70 = [32mcol_double()[39m,
  ..   `Lipocalin 2` = [32mcol_double()[39m,
  ..   Met = [32mcol_double()[39m,
  ..   `MMP-17` = [32mcol_double()[39m,
  ..   `OX40 Ligand` = [32mcol_double()[39m,
  ..   `sFRP-3` = [32mcol_double()[39m,
  ..   SPINT2 = [32mcol_double()[39m,
  ..   `sTie-1` = [32mcol_double()[39m,
  ..   `Ubiquitin+1` = [32mcol_double()[39m,
  ..   `WIF-1` = [32mcol_double()[39m,
  ..   AIF1 = [32mcol_double()[39m,
  ..   C5a = [32mcol_double()[39m,
  ..   CHK1 = [32mcol_double()[39m,
  ..   `ERK-1` = [32mcol_double()[39m,
  ..   `Glucocorticoid receptor` = [32mcol_double()[39m,
  ..   Hat1 = [32mcol_double()[39m,
  ..   HDAC8 = [32mcol_double()[39m,
  ..   `Karyopherin-a2` = [32mcol_double()[39m,
  ..   MEK1 = [32mcol_double()[39m,
  ..   MOZ = [32mcol_double()[39m,
  ..   `PKC-D` = [32mcol_double()[39m,
  ..   RAC1 = [32mcol_double()[39m,
  ..   RAD51 = [32mcol_double()[39m,
  ..   TBP = [32mcol_double()[39m,
  ..   `Topoisomerase I` = [32mcol_double()[39m,
  ..   UBC9 = [32mcol_double()[39m,
  ..   YES = [32mcol_double()[39m,
  ..   `a1-Antichymotrypsin` = [32mcol_double()[39m,
  ..   C7 = [32mcol_double()[39m,
  ..   `Cardiotrophin-1` = [32mcol_double()[39m,
  ..   CCL28 = [32mcol_double()[39m,
  ..   CD22 = [32mcol_double()[39m,
  ..   `HCC-1` = [32mcol_double()[39m,
  ..   `IL-4` = [32mcol_double()[39m,
  ..   Midkine = [32mcol_double()[39m,
  ..   `MPIF-1` = [32mcol_double()[39m,
  ..   PCNA = [32mcol_double()[39m,
  ..   sRANKL = [32mcol_double()[39m,
  ..   `PAI-1` = [32mcol_double()[39m,
  ..   `Apo E3` = [32mcol_double()[39m,
  ..   `Apo E4` = [32mcol_double()[39m,
  ..   Artemin = [32mcol_double()[39m,
  ..   `Cytochrome c` = [32mcol_double()[39m,
  ..   `Cytochrome P450 3A4` = [32mcol_double()[39m,
  ..   DAN = [32mcol_double()[39m,
  ..   ER = [32mcol_double()[39m,
  ..   `Factor D` = [32mcol_double()[39m,
  ..   `Growth hormone receptor` = [32mcol_double()[39m,
  ..   GX = [32mcol_double()[39m,
  ..   `IGFBP-4` = [32mcol_double()[39m,
  ..   `IGF-I` = [32mcol_double()[39m,
  ..   `Luteinizing hormone` = [32mcol_double()[39m,
  ..   Properdin = [32mcol_double()[39m,
  ..   `Protein C` = [32mcol_double()[39m,
  ..   PTHrP = [32mcol_double()[39m,
  ..   `SCGF-beta` = [32mcol_double()[39m,
  ..   `VCAM-1` = [32mcol_double()[39m,
  ..   TNFSF15 = [32mcol_double()[39m,
  ..   `ALK-1` = [32mcol_double()[39m,
  ..   AREG = [32mcol_double()[39m,
  ..   `BMP-7` = [32mcol_double()[39m,
  ..   `CD36 ANTIGEN` = [32mcol_double()[39m,
  ..   `contactin-1` = [32mcol_double()[39m,
  ..   CTGF = [32mcol_double()[39m,
  ..   `Desmoglein-1` = [32mcol_double()[39m,
  ..   EDAR = [32mcol_double()[39m,
  ..   `ENA-78` = [32mcol_double()[39m,
  ..   ESAM = [32mcol_double()[39m,
  ..   `Galectin-4` = [32mcol_double()[39m,
  ..   `Gro-a` = [32mcol_double()[39m,
  ..   `Gro-b/g` = [32mcol_double()[39m,
  ..   `Histone H1.2` = [32mcol_double()[39m,
  ..   ICOS = [32mcol_double()[39m,
  ..   `IL-1 sRI` = [32mcol_double()[39m,
  ..   `IL-17 sR` = [32mcol_double()[39m,
  ..   `IL-18 Rb` = [32mcol_double()[39m,
  ..   `IL-1Rrp2` = [32mcol_double()[39m,
  ..   `JAM-B` = [32mcol_double()[39m,
  ..   `JAM-C` = [32mcol_double()[39m,
  ..   LSAMP = [32mcol_double()[39m,
  ..   MBL = [32mcol_double()[39m,
  ..   NKp30 = [32mcol_double()[39m,
  ..   `PD-L2` = [32mcol_double()[39m,
  ..   `PTP-1B` = [32mcol_double()[39m,
  ..   `Siglec-9` = [32mcol_double()[39m,
  ..   `TGF-b R III` = [32mcol_double()[39m,
  ..   TSLP = [32mcol_double()[39m,
  ..   `CTLA-4` = [32mcol_double()[39m,
  ..   `a2-Antiplasmin` = [32mcol_double()[39m,
  ..   bFGF = [32mcol_double()[39m,
  ..   Calpastatin = [32mcol_double()[39m,
  ..   `Ck-b-8-1` = [32mcol_double()[39m,
  ..   `DC-SIGN` = [32mcol_double()[39m,
  ..   `DC-SIGNR` = [32mcol_double()[39m,
  ..   FSH = [32mcol_double()[39m,
  ..   `Galectin-2` = [32mcol_double()[39m,
  ..   GFAP = [32mcol_double()[39m,
  ..   `IL-19` = [32mcol_double()[39m,
  ..   `IL-1b` = [32mcol_double()[39m,
  ..   `I-TAC` = [32mcol_double()[39m,
  ..   `MIP-1a` = [32mcol_double()[39m,
  ..   MRC2 = [32mcol_double()[39m,
  ..   Myoglobin = [32mcol_double()[39m,
  ..   ON = [32mcol_double()[39m,
  ..   PARC = [32mcol_double()[39m,
  ..   PTN = [32mcol_double()[39m,
  ..   resistin = [32mcol_double()[39m,
  ..   Trypsin = [32mcol_double()[39m,
  ..   vWF = [32mcol_double()[39m,
  ..   `Fas ligand, soluble` = [32mcol_double()[39m,
  ..   `Flt3 ligand` = [32mcol_double()[39m,
  ..   `Haptoglobin, Mixed Type` = [32mcol_double()[39m,
  ..   `IL-4 sR` = [32mcol_double()[39m,
  ..   NKG2D = [32mcol_double()[39m,
  ..   `WISP-1` = [32mcol_double()[39m,
  ..   BAFF = [32mcol_double()[39m,
  ..   C9 = [32mcol_double()[39m,
  ..   `Cathepsin B` = [32mcol_double()[39m,
  ..   `FGF-5` = [32mcol_double()[39m,
  ..   `Galectin-3` = [32mcol_double()[39m,
  ..   `GDF-9` = [32mcol_double()[39m,
  ..   IgM = [32mcol_double()[39m,
  ..   `IL-2` = [32mcol_double()[39m,
  ..   `IL-13` = [32mcol_double()[39m,
  ..   `IL-18 BPa` = [32mcol_double()[39m,
  ..   LBP = [32mcol_double()[39m,
  ..   `Coagulation Factor Xa` = [32mcol_double()[39m,
  ..   PlGF = [32mcol_double()[39m,
  ..   TIG2 = [32mcol_double()[39m,
  ..   `ULBP-1` = [32mcol_double()[39m,
  ..   `ULBP-2` = [32mcol_double()[39m,
  ..   XEDAR = [32mcol_double()[39m,
  ..   `Aurora kinase A` = [32mcol_double()[39m,
  ..   MK01 = [32mcol_double()[39m,
  ..   SMAC = [32mcol_double()[39m,
  ..   `VEGF-C` = [32mcol_double()[39m,
  ..   sCD4 = [32mcol_double()[39m,
  ..   `IL-2 sRa` = [32mcol_double()[39m,
  ..   `TNF sR-II` = [32mcol_double()[39m,
  ..   `Siglec-3` = [32mcol_double()[39m,
  ..   `ADAMTS-5` = [32mcol_double()[39m,
  ..   IDUA = [32mcol_double()[39m,
  ..   AMPM2 = [32mcol_double()[39m,
  ..   `amyloid precursor protein` = [32mcol_double()[39m,
  ..   ARSB = [32mcol_double()[39m,
  ..   ASAHL = [32mcol_double()[39m,
  ..   ATS1 = [32mcol_double()[39m,
  ..   ATS13 = [32mcol_double()[39m,
  ..   `Carbonic Anhydrase IV` = [32mcol_double()[39m,
  ..   CATC = [32mcol_double()[39m,
  ..   `Cathepsin A` = [32mcol_double()[39m,
  ..   `Cathepsin S` = [32mcol_double()[39m,
  ..   CD39 = [32mcol_double()[39m,
  ..   `Coagulation Factor VII` = [32mcol_double()[39m,
  ..   C2 = [32mcol_double()[39m,
  ..   CRIS3 = [32mcol_double()[39m,
  ..   Enterokinase = [32mcol_double()[39m,
  ..   WFKN1 = [32mcol_double()[39m,
  ..   `Glutamate carboxypeptidase` = [32mcol_double()[39m,
  ..   GPVI = [32mcol_double()[39m,
  ..   Granulysin = [32mcol_double()[39m,
  ..   HPLN1 = [32mcol_double()[39m,
  ..   IDE = [32mcol_double()[39m,
  ..   IDS = [32mcol_double()[39m,
  ..   `kallikrein 12` = [32mcol_double()[39m,
  ..   `kallikrein 13` = [32mcol_double()[39m,
  ..   `kallikrein 5` = [32mcol_double()[39m,
  ..   KREM2 = [32mcol_double()[39m,
  ..   LKHA4 = [32mcol_double()[39m,
  ..   LYVE1 = [32mcol_double()[39m,
  ..   MATN3 = [32mcol_double()[39m,
  ..   MEPE = [32mcol_double()[39m,
  ..   METAP1 = [32mcol_double()[39m,
  ..   ASAH2 = [32mcol_double()[39m,
  ..   Nidogen = [32mcol_double()[39m,
  ..   PIGR = [32mcol_double()[39m,
  ..   `Protease nexin I` = [32mcol_double()[39m,
  ..   RET = [32mcol_double()[39m,
  ..   `SARP-2` = [32mcol_double()[39m,
  ..   `Semaphorin 3A` = [32mcol_double()[39m,
  ..   TrATPase = [32mcol_double()[39m,
  ..   URB = [32mcol_double()[39m,
  ..   WFKN2 = [32mcol_double()[39m,
  ..   Aggrecan = [32mcol_double()[39m,
  ..   ANGL3 = [32mcol_double()[39m,
  ..   BGH3 = [32mcol_double()[39m,
  ..   BGN = [32mcol_double()[39m,
  ..   C1r = [32mcol_double()[39m,
  ..   `Carbonic Anhydrase X` = [32mcol_double()[39m,
  ..   CD109 = [32mcol_double()[39m,
  ..   CD23 = [32mcol_double()[39m,
  ..   CD48 = [32mcol_double()[39m,
  ..   CD5L = [32mcol_double()[39m,
  ..   CFC1 = [32mcol_double()[39m,
  ..   CNTN2 = [32mcol_double()[39m,
  ..   `Contactin-4` = [32mcol_double()[39m,
  ..   `Contactin-5` = [32mcol_double()[39m,
  ..   CYTF = [32mcol_double()[39m,
  ..   `Cystatin M` = [32mcol_double()[39m,
  ..   DLL4 = [32mcol_double()[39m,
  ..   FCG2A = [32mcol_double()[39m,
  ..   FCG2B = [32mcol_double()[39m,
  ..   FCG3B = [32mcol_double()[39m,
  ..   FCGR1 = [32mcol_double()[39m,
  ..   FCN2 = [32mcol_double()[39m,
  ..   `GFRa-1` = [32mcol_double()[39m,
  ..   GPC2 = [32mcol_double()[39m,
  ..   `Heparin cofactor II` = [32mcol_double()[39m,
  ..   HTRA2 = [32mcol_double()[39m,
  ..   `IGFBP-7` = [32mcol_double()[39m,
  ..   IL24 = [32mcol_double()[39m,
  ..   LRIG3 = [32mcol_double()[39m,
  ..   LRP8 = [32mcol_double()[39m,
  ..   LY9 = [32mcol_double()[39m,
  ..   MATN2 = [32mcol_double()[39m,
  ..   `Nectin-like protein 2` = [32mcol_double()[39m,
  ..   NET4 = [32mcol_double()[39m,
  ..   `PGRP-S` = [32mcol_double()[39m,
  ..   RGMB = [32mcol_double()[39m,
  ..   `RGM-C` = [32mcol_double()[39m,
  ..   TFPI = [32mcol_double()[39m,
  ..   TSP2 = [32mcol_double()[39m,
  ..   TSP4 = [32mcol_double()[39m,
  ..   ABL1 = [32mcol_double()[39m,
  ..   `Aminoacylase-1` = [32mcol_double()[39m,
  ..   `Antithrombin III` = [32mcol_double()[39m,
  ..   AURKB = [32mcol_double()[39m,
  ..   BARK1 = [32mcol_double()[39m,
  ..   `BMP-1` = [32mcol_double()[39m,
  ..   CAMK2A = [32mcol_double()[39m,
  ..   CAMK2B = [32mcol_double()[39m,
  ..   `Carbonic anhydrase 6` = [32mcol_double()[39m,
  ..   `Carbonic anhydrase VII` = [32mcol_double()[39m,
  ..   `CDK2/cyclin A` = [32mcol_double()[39m,
  ..   `CDK5/p35` = [32mcol_double()[39m,
  ..   `CDK8/cyclin C` = [32mcol_double()[39m,
  ..   Chk2 = [32mcol_double()[39m,
  ..   CLC4K = [32mcol_double()[39m,
  ..   CRDL1 = [32mcol_double()[39m,
  ..   CSK = [32mcol_double()[39m,
  ..   `Cathepsin V` = [32mcol_double()[39m,
  ..   `Dkk-4` = [32mcol_double()[39m,
  ..   ECM1 = [32mcol_double()[39m,
  ..   FETUB = [32mcol_double()[39m,
  ..   `Granzyme H` = [32mcol_double()[39m,
  ..   HCK = [32mcol_double()[39m,
  ..   `IL-17 RD` = [32mcol_double()[39m,
  ..   `Kallikrein 7` = [32mcol_double()[39m,
  ..   KPCI = [32mcol_double()[39m,
  ..   LYNB = [32mcol_double()[39m,
  ..   PAK3 = [32mcol_double()[39m,
  ..   PAK7 = [32mcol_double()[39m,
  ..   PCI = [32mcol_double()[39m,
  ..   `PIK3CA/PIK3R1` = [32mcol_double()[39m,
  ..   PK3CG = [32mcol_double()[39m,
  ..   `PKB a/b/g` = [32mcol_double()[39m,
  ..   `PLK-1` = [32mcol_double()[39m,
  ..   Renin = [32mcol_double()[39m,
  ..   `SHP-2` = [32mcol_double()[39m,
  ..   STAB2 = [32mcol_double()[39m,
  ..   TBK1 = [32mcol_double()[39m,
  ..   TCPTP = [32mcol_double()[39m,
  ..   TPSB2 = [32mcol_double()[39m,
  ..   TPSG1 = [32mcol_double()[39m,
  ..   UFC1 = [32mcol_double()[39m,
  ..   `Bcl-2` = [32mcol_double()[39m,
  ..   BFL1 = [32mcol_double()[39m,
  ..   BMX = [32mcol_double()[39m,
  ..   BSP = [32mcol_double()[39m,
  ..   BTK = [32mcol_double()[39m,
  ..   CAMK1D = [32mcol_double()[39m,
  ..   CAMK2D = [32mcol_double()[39m,
  ..   `Carbonic anhydrase XIII` = [32mcol_double()[39m,
  ..   `CD30 Ligand` = [32mcol_double()[39m,
  ..   `CDK1/cyclin B` = [32mcol_double()[39m,
  ..   Chymase = [32mcol_double()[39m,
  ..   CSK21 = [32mcol_double()[39m,
  ..   EphA1 = [32mcol_double()[39m,
  ..   EPHA3 = [32mcol_double()[39m,
  ..   FN1.3 = [32mcol_double()[39m,
  ..   FN1.4 = [32mcol_double()[39m,
  ..   `Flt-3` = [32mcol_double()[39m,
  ..   FSTL3 = [32mcol_double()[39m,
  ..   `granzyme A` = [32mcol_double()[39m,
  ..   `GSK-3 alpha/beta` = [32mcol_double()[39m,
  ..   HIPK3 = [32mcol_double()[39m,
  ..   `IL-15 Ra` = [32mcol_double()[39m,
  ..   `IL-18 Ra` = [32mcol_double()[39m,
  ..   `IL-8` = [32mcol_double()[39m,
  ..   IR = [32mcol_double()[39m,
  ..   Kallistatin = [32mcol_double()[39m,
  ..   `Kallikrein 6` = [32mcol_double()[39m,
  ..   LCK = [32mcol_double()[39m,
  ..   LYN = [32mcol_double()[39m,
  ..   Periostin = [32mcol_double()[39m,
  ..   `PDGF Rb` = [32mcol_double()[39m,
  ..   PGCB = [32mcol_double()[39m,
  ..   PRKACA = [32mcol_double()[39m,
  ..   RPS6KA3 = [32mcol_double()[39m,
  ..   `sE-Selectin` = [32mcol_double()[39m,
  ..   STK16 = [32mcol_double()[39m,
  ..   Survivin = [32mcol_double()[39m,
  ..   `Thrombopoietin Receptor` = [32mcol_double()[39m,
  ..   `Thrombospondin-1` = [32mcol_double()[39m,
  ..   TrkA = [32mcol_double()[39m,
  ..   TRY3 = [32mcol_double()[39m,
  ..   DUS3 = [32mcol_double()[39m,
  ..   XPNPEP1 = [32mcol_double()[39m,
  ..   Angiotensinogen = [32mcol_double()[39m,
  ..   `b2-Microglobulin` = [32mcol_double()[39m,
  ..   `b-ECGF` = [32mcol_double()[39m,
  ..   BLC = [32mcol_double()[39m,
  ..   Catalase = [32mcol_double()[39m,
  ..   CNTF = [32mcol_double()[39m,
  ..   `FGF-17` = [32mcol_double()[39m,
  ..   `GCP-2` = [32mcol_double()[39m,
  ..   `IFN-aA` = [32mcol_double()[39m,
  ..   `IL-17B` = [32mcol_double()[39m,
  ..   `Integrin a1b1` = [32mcol_double()[39m,
  ..   `LEAP-1` = [32mcol_double()[39m,
  ..   `Lymphotoxin a1/b2` = [32mcol_double()[39m,
  ..   `Lymphotoxin a2/b1` = [32mcol_double()[39m,
  ..   MDC = [32mcol_double()[39m,
  ..   `MIP-5` = [32mcol_double()[39m,
  ..   `Proteinase-3` = [32mcol_double()[39m,
  ..   `SDF-1` = [32mcol_double()[39m,
  ..   TAFI = [32mcol_double()[39m,
  ..   TARC = [32mcol_double()[39m,
  ..   `TGF-b3` = [32mcol_double()[39m,
  ..   TSH = [32mcol_double()[39m,
  ..   `Vasoactive Intestinal Peptide` = [32mcol_double()[39m,
  ..   `CD40 ligand, soluble` = [32mcol_double()[39m,
  ..   DKK1 = [32mcol_double()[39m,
  ..   `dopa decarboxylase` = [32mcol_double()[39m,
  ..   Adiponectin = [32mcol_double()[39m,
  ..   `a1-Antitrypsin` = [32mcol_double()[39m,
  ..   `a2-HS-Glycoprotein` = [32mcol_double()[39m,
  ..   `Arylsulfatase A` = [32mcol_double()[39m,
  ..   BASI = [32mcol_double()[39m,
  ..   BMP10 = [32mcol_double()[39m,
  ..   `Cadherin-6` = [32mcol_double()[39m,
  ..   CAMK1 = [32mcol_double()[39m,
  ..   `Caspase-3` = [32mcol_double()[39m,
  ..   CATE = [32mcol_double()[39m,
  ..   `Chitotriosidase-1` = [32mcol_double()[39m,
  ..   CHL1 = [32mcol_double()[39m,
  ..   CLC7A = [32mcol_double()[39m,
  ..   MASP3 = [32mcol_double()[39m,
  ..   `Discoidin domain receptor 2` = [32mcol_double()[39m,
  ..   DKK3 = [32mcol_double()[39m,
  ..   DPP2 = [32mcol_double()[39m,
  ..   `Endothelin-converting enzyme 1` = [32mcol_double()[39m,
  ..   EphB4 = [32mcol_double()[39m,
  ..   FCN1 = [32mcol_double()[39m,
  ..   GNS = [32mcol_double()[39m,
  ..   HGFA = [32mcol_double()[39m,
  ..   IL22RA1 = [32mcol_double()[39m,
  ..   LGMN = [32mcol_double()[39m,
  ..   LY86 = [32mcol_double()[39m,
  ..   Marapsin = [32mcol_double()[39m,
  ..   MMEL2 = [32mcol_double()[39m,
  ..   MP2K2 = [32mcol_double()[39m,
  ..   MRCKB = [32mcol_double()[39m,
  ..   `Nectin-like protein 1` = [32mcol_double()[39m,
  ..   NID2 = [32mcol_double()[39m,
  ..   OBCAM = [32mcol_double()[39m,
  ..   OCAD1 = [32mcol_double()[39m,
  ..   OLR1 = [32mcol_double()[39m,
  ..   RAP = [32mcol_double()[39m,
  ..   SLAF5 = [32mcol_double()[39m,
  ..   SLIK1 = [32mcol_double()[39m,
  ..   `Soggy-1` = [32mcol_double()[39m,
  ..   TEC = [32mcol_double()[39m,
  ..   `TLR4:MD-2 complex` = [32mcol_double()[39m,
  ..   `VEGF sR2` = [32mcol_double()[39m,
  ..   BMPER = [32mcol_double()[39m,
  ..   `Cadherin-12` = [32mcol_double()[39m,
  ..   `Calcineurin B a` = [32mcol_double()[39m,
  ..   `complement factor H-related 5` = [32mcol_double()[39m,
  ..   `IGF-II receptor` = [32mcol_double()[39m,
  ..   `kallikrein 14` = [32mcol_double()[39m,
  ..   `Macrophage scavenger receptor` = [32mcol_double()[39m,
  ..   MFRP = [32mcol_double()[39m,
  ..   Albumin = [32mcol_double()[39m,
  ..   `a2-Macroglobulin` = [32mcol_double()[39m,
  ..   ALT = [32mcol_double()[39m,
  ..   Angiostatin = [32mcol_double()[39m,
  ..   `CK-MB` = [32mcol_double()[39m,
  ..   p27Kip1 = [32mcol_double()[39m,
  ..   `BNP-32` = [32mcol_double()[39m,
  ..   PYY = [32mcol_double()[39m,
  ..   Secretin = [32mcol_double()[39m,
  ..   TNR4 = [32mcol_double()[39m,
  ..   `CSF-1` = [32mcol_double()[39m,
  ..   `Activated Protein C` = [32mcol_double()[39m,
  ..   `COX-2` = [32mcol_double()[39m,
  ..   STX1a = [32mcol_double()[39m,
  ..   `sTie-2` = [32mcol_double()[39m,
  ..   `ADAM 9` = [32mcol_double()[39m,
  ..   ANGL4 = [32mcol_double()[39m,
  ..   `Cadherin-2` = [32mcol_double()[39m,
  ..   `Carbonic anhydrase 9` = [32mcol_double()[39m,
  ..   `Carbonic anhydrase III` = [32mcol_double()[39m,
  ..   `CK-BB` = [32mcol_double()[39m,
  ..   `Cystatin-S` = [32mcol_double()[39m,
  ..   CYTD = [32mcol_double()[39m,
  ..   Endocan = [32mcol_double()[39m,
  ..   EphA5 = [32mcol_double()[39m,
  ..   FGF23 = [32mcol_double()[39m,
  ..   `FGFR-2` = [32mcol_double()[39m,
  ..   `FGFR-3` = [32mcol_double()[39m,
  ..   FGR = [32mcol_double()[39m,
  ..   FYN = [32mcol_double()[39m,
  ..   `IL-12 RB2` = [32mcol_double()[39m,
  ..   KPCT = [32mcol_double()[39m,
  ..   MAPK2 = [32mcol_double()[39m,
  ..   MAPK5 = [32mcol_double()[39m,
  ..   MAPKAPK3 = [32mcol_double()[39m,
  ..   MATK = [32mcol_double()[39m,
  ..   MK08 = [32mcol_double()[39m,
  ..   PAK6 = [32mcol_double()[39m,
  ..   `PDGF-CC` = [32mcol_double()[39m,
  ..   pTEN = [32mcol_double()[39m,
  ..   PTK6 = [32mcol_double()[39m,
  ..   TLR2 = [32mcol_double()[39m,
  ..   UFM1 = [32mcol_double()[39m,
  ..   AIP = [32mcol_double()[39m,
  ..   `Cyclophilin A` = [32mcol_double()[39m,
  ..   DLRB1 = [32mcol_double()[39m,
  ..   ETHE1 = [32mcol_double()[39m,
  ..   `GAPDH, liver` = [32mcol_double()[39m,
  ..   `HSP 40` = [32mcol_double()[39m,
  ..   MDHC = [32mcol_double()[39m,
  ..   NACA = [32mcol_double()[39m,
  ..   `Peroxiredoxin-1` = [32mcol_double()[39m,
  ..   PPAC = [32mcol_double()[39m,
  ..   PSA1 = [32mcol_double()[39m,
  ..   PSA6 = [32mcol_double()[39m,
  ..   RS7 = [32mcol_double()[39m,
  ..   `RSK-like protein kinase` = [32mcol_double()[39m,
  ..   SBDS = [32mcol_double()[39m,
  ..   SE6L2 = [32mcol_double()[39m,
  ..   SGTA = [32mcol_double()[39m,
  ..   TCTP = [32mcol_double()[39m,
  ..   TMA = [32mcol_double()[39m,
  ..   UB2L3 = [32mcol_double()[39m,
  ..   ARI3A = [32mcol_double()[39m,
  ..   `CaMKK alpha` = [32mcol_double()[39m,
  ..   CDC37 = [32mcol_double()[39m,
  ..   DLC8 = [32mcol_double()[39m,
  ..   IMB1 = [32mcol_double()[39m,
  ..   ING1 = [32mcol_double()[39m,
  ..   `Lamin-B1` = [32mcol_double()[39m,
  ..   `LDH-H 1` = [32mcol_double()[39m,
  ..   MBD4 = [32mcol_double()[39m,
  ..   Mesothelin = [32mcol_double()[39m,
  ..   NAGK = [32mcol_double()[39m,
  ..   `Phosphoglycerate mutase 1` = [32mcol_double()[39m,
  ..   PLPP = [32mcol_double()[39m,
  ..   PSD7 = [32mcol_double()[39m,
  ..   SKP1 = [32mcol_double()[39m,
  ..   `Sorting nexin 4` = [32mcol_double()[39m,
  ..   UBE2N = [32mcol_double()[39m,
  ..   `discoidin domain receptor 1` = [32mcol_double()[39m,
  ..   `FGF-4` = [32mcol_double()[39m,
  ..   `HSP 70` = [32mcol_double()[39m,
  ..   sRAGE = [32mcol_double()[39m,
  ..   BPI = [32mcol_double()[39m,
  ..   C6 = [32mcol_double()[39m,
  ..   `Eotaxin-2` = [32mcol_double()[39m,
  ..   `Factor B` = [32mcol_double()[39m,
  ..   `FGF-6` = [32mcol_double()[39m,
  ..   Fibronectin = [32mcol_double()[39m,
  ..   FST = [32mcol_double()[39m,
  ..   `Granzyme B` = [32mcol_double()[39m,
  ..   `HB-EGF` = [32mcol_double()[39m,
  ..   IgE = [32mcol_double()[39m,
  ..   `IL-17D` = [32mcol_double()[39m,
  ..   `IL-17E` = [32mcol_double()[39m,
  ..   `IL-20` = [32mcol_double()[39m,
  ..   `IL-6 sRa` = [32mcol_double()[39m,
  ..   `IL-7` = [32mcol_double()[39m,
  ..   `IP-10` = [32mcol_double()[39m,
  ..   Lymphotactin = [32mcol_double()[39m,
  ..   `MCP-4` = [32mcol_double()[39m,
  ..   `Neurotrophin-3` = [32mcol_double()[39m,
  ..   `Neurotrophin-5` = [32mcol_double()[39m,
  ..   `PAPP-A` = [32mcol_double()[39m,
  ..   `PDGF-BB` = [32mcol_double()[39m,
  ..   Plasmin = [32mcol_double()[39m,
  ..   Plasminogen = [32mcol_double()[39m,
  ..   Prekallikrein = [32mcol_double()[39m,
  ..   `alpha-1-antichymotrypsin complex` = [32mcol_double()[39m,
  ..   `P-Selectin` = [32mcol_double()[39m,
  ..   Tenascin = [32mcol_double()[39m,
  ..   `TGF-b2` = [32mcol_double()[39m,
  ..   Thrombin = [32mcol_double()[39m,
  ..   uPA = [32mcol_double()[39m,
  ..   `Factor H` = [32mcol_double()[39m,
  ..   `MMP-2` = [32mcol_double()[39m,
  ..   Transferrin = [32mcol_double()[39m,
  ..   `Histone H2A.z` = [32mcol_double()[39m,
  ..   Thyroglobulin = [32mcol_double()[39m,
  ..   `14-3-3` = [32mcol_double()[39m,
  ..   `4EBP2` = [32mcol_double()[39m,
  ..   `6-Phosphogluconate dehydrogenase` = [32mcol_double()[39m,
  ..   `Aflatoxin B1 aldehyde reductase` = [32mcol_double()[39m,
  ..   AK1A1 = [32mcol_double()[39m,
  ..   AN32B = [32mcol_double()[39m,
  ..   `Cofilin-1` = [32mcol_double()[39m,
  ..   `DRG-1` = [32mcol_double()[39m,
  ..   EP15R = [32mcol_double()[39m,
  ..   ERAB = [32mcol_double()[39m,
  ..   FER = [32mcol_double()[39m,
  ..   HNRPQ = [32mcol_double()[39m,
  ..   IF4G2 = [32mcol_double()[39m,
  ..   `IGF-I sR` = [32mcol_double()[39m,
  ..   `IL-1 R4` = [32mcol_double()[39m,
  ..   LCMT1 = [32mcol_double()[39m,
  ..   LIN7B = [32mcol_double()[39m,
  ..   `M2-PK` = [32mcol_double()[39m,
  ..   MDM2 = [32mcol_double()[39m,
  ..   `NCAM-L1` = [32mcol_double()[39m,
  ..   `NDP kinase B` = [32mcol_double()[39m,
  ..   NSF1C = [32mcol_double()[39m,
  ..   NUDC3 = [32mcol_double()[39m,
  ..   PA2G4 = [32mcol_double()[39m,
  ..   `paraoxonase 1` = [32mcol_double()[39m,
  ..   PESC = [32mcol_double()[39m,
  ..   PFD5 = [32mcol_double()[39m,
  ..   PHI = [32mcol_double()[39m,
  ..   `prostatic binding protein` = [32mcol_double()[39m,
  ..   `Protein disulfide-isomerase` = [32mcol_double()[39m,
  ..   PSA2 = [32mcol_double()[39m,
  ..   RAN = [32mcol_double()[39m,
  ..   RBM39 = [32mcol_double()[39m,
  ..   SNAA = [32mcol_double()[39m,
  ..   `Sphingosine kinase 1` = [32mcol_double()[39m,
  ..   `Spondin-1` = [32mcol_double()[39m,
  ..   `Thymidine kinase` = [32mcol_double()[39m,
  ..   `transcription factor MLR1, isoform CRA_b` = [32mcol_double()[39m,
  ..   Transketolase = [32mcol_double()[39m,
  ..   `Triosephosphate isomerase` = [32mcol_double()[39m,
  ..   XTP3A = [32mcol_double()[39m,
  ..   `PTP-1C` = [32mcol_double()[39m,
  ..   AMNLS = [32mcol_double()[39m,
  ..   CYTT = [32mcol_double()[39m,
  ..   BOC = [32mcol_double()[39m,
  ..   CLC1B = [32mcol_double()[39m,
  ..   SAA = [32mcol_double()[39m,
  ..   CRP = [32mcol_double()[39m,
  ..   `sICAM-1` = [32mcol_double()[39m,
  ..   DAPK2 = [32mcol_double()[39m,
  ..   DYRK3 = [32mcol_double()[39m,
  ..   `MIC-1` = [32mcol_double()[39m,
  ..   DHH = [32mcol_double()[39m,
  ..   `FGF-12` = [32mcol_double()[39m,
  ..   `FGF-16` = [32mcol_double()[39m,
  ..   `FGF-8A` = [32mcol_double()[39m,
  ..   `IFN-lambda 1` = [32mcol_double()[39m,
  ..   `IFN-lambda 2` = [32mcol_double()[39m,
  ..   MSP = [32mcol_double()[39m,
  ..   SLPI = [32mcol_double()[39m,
  ..   `SP-D` = [32mcol_double()[39m,
  ..   ADAM12 = [32mcol_double()[39m,
  ..   `BCL2-like 1 protein` = [32mcol_double()[39m,
  ..   CHST2 = [32mcol_double()[39m,
  ..   CHST6 = [32mcol_double()[39m,
  ..   `Collectin Kidney 1` = [32mcol_double()[39m,
  ..   ENPP7 = [32mcol_double()[39m,
  ..   ENTP3 = [32mcol_double()[39m,
  ..   ENTP5 = [32mcol_double()[39m,
  ..   FCRL3 = [32mcol_double()[39m,
  ..   GREM1 = [32mcol_double()[39m,
  ..   `hnRNP A/B` = [32mcol_double()[39m,
  ..   LRRT1 = [32mcol_double()[39m,
  ..   LRRT3 = [32mcol_double()[39m,
  ..   MFGM = [32mcol_double()[39m,
  ..   PCSK7 = [32mcol_double()[39m,
  ..   PDPK1 = [32mcol_double()[39m,
  ..   Sialoadhesin = [32mcol_double()[39m,
  ..   SPARCL1 = [32mcol_double()[39m,
  ..   SPHK2 = [32mcol_double()[39m,
  ..   ST4S6 = [32mcol_double()[39m,
  ..   TGM3 = [32mcol_double()[39m,
  ..   `Tropomyosin 2` = [32mcol_double()[39m,
  ..   Ubiquitin = [32mcol_double()[39m,
  ..   ZAP70 = [32mcol_double()[39m,
  ..   `C1-Esterase Inhibitor` = [32mcol_double()[39m,
  ..   C3b = [32mcol_double()[39m,
  ..   C4 = [32mcol_double()[39m,
  ..   `C5b, 6 Complex` = [32mcol_double()[39m,
  ..   FGF7 = [32mcol_double()[39m,
  ..   `IL-3 Ra` = [32mcol_double()[39m,
  ..   `IL-5 Ra` = [32mcol_double()[39m,
  ..   `IL-11` = [32mcol_double()[39m,
  ..   `Kininogen, HMW` = [32mcol_double()[39m,
  ..   `MMP-12` = [32mcol_double()[39m,
  ..   `NCAM-120` = [32mcol_double()[39m,
  ..   `PDGF-AA` = [32mcol_double()[39m,
  ..   `SCGF-alpha` = [32mcol_double()[39m,
  ..   ATS15 = [32mcol_double()[39m,
  ..   BSSP4 = [32mcol_double()[39m,
  ..   BST1 = [32mcol_double()[39m,
  ..   CBX5 = [32mcol_double()[39m,
  ..   CDON = [32mcol_double()[39m,
  ..   Clusterin = [32mcol_double()[39m,
  ..   CONA1 = [32mcol_double()[39m,
  ..   `CTAP-III` = [32mcol_double()[39m,
  ..   `DnaJ homolog` = [32mcol_double()[39m,
  ..   EMR2 = [32mcol_double()[39m,
  ..   FLRT1 = [32mcol_double()[39m,
  ..   `Fucosyltransferase 3` = [32mcol_double()[39m,
  ..   FUT5 = [32mcol_double()[39m,
  ..   GP114 = [32mcol_double()[39m,
  ..   HDGR2 = [32mcol_double()[39m,
  ..   `IL-34` = [32mcol_double()[39m,
  ..   KIRR3 = [32mcol_double()[39m,
  ..   KYNU = [32mcol_double()[39m,
  ..   `Livin B` = [32mcol_double()[39m,
  ..   NXPH1 = [32mcol_double()[39m,
  ..   PLCG1 = [32mcol_double()[39m,
  ..   PLXC1 = [32mcol_double()[39m,
  ..   RSPO2 = [32mcol_double()[39m,
  ..   SH21A = [32mcol_double()[39m,
  ..   SLIK5 = [32mcol_double()[39m,
  ..   SORC2 = [32mcol_double()[39m,
  ..   PH = [32mcol_double()[39m,
  ..   `IL-6` = [32mcol_double()[39m,
  ..   `3HIDH` = [32mcol_double()[39m,
  ..   `GM-CSF` = [32mcol_double()[39m,
  ..   `TNF-b` = [32mcol_double()[39m,
  ..   `41` = [32mcol_double()[39m,
  ..   `17-beta-HSD 1` = [32mcol_double()[39m,
  ..   `Apo D` = [32mcol_double()[39m,
  ..   `IL-3` = [32mcol_double()[39m,
  ..   PPIB = [32mcol_double()[39m,
  ..   `Protein disulfide isomerase A3` = [32mcol_double()[39m,
  ..   TFF3 = [32mcol_double()[39m,
  ..   Afamin = [32mcol_double()[39m,
  ..   `Olfactomedin-4` = [32mcol_double()[39m,
  ..   ASM3A = [32mcol_double()[39m,
  ..   FAM107B = [32mcol_double()[39m,
  ..   Gelsolin = [32mcol_double()[39m,
  ..   CBG = [32mcol_double()[39m,
  ..   `Cytidylate kinase` = [32mcol_double()[39m,
  ..   `C34 gp41 HIV Fragment` = [32mcol_double()[39m,
  ..   PERL = [32mcol_double()[39m,
  ..   CO8A1 = [32mcol_double()[39m,
  ..   `ITI heavy chain H4` = [32mcol_double()[39m,
  ..   TXD12 = [32mcol_double()[39m,
  ..   STRATIFIN = [32mcol_double()[39m,
  ..   `sL-Selectin` = [32mcol_double()[39m,
  ..   `TRAIL R1` = [32mcol_double()[39m,
  ..   `Epithelial cell kinase` = [32mcol_double()[39m,
  ..   `G-CSF` = [32mcol_double()[39m,
  ..   `Glypican 3` = [32mcol_double()[39m,
  ..   `IL-1a` = [32mcol_double()[39m,
  ..   BMPR1A = [32mcol_double()[39m,
  ..   `BMP RII` = [32mcol_double()[39m,
  ..   TrkB = [32mcol_double()[39m,
  ..   VEGF121 = [32mcol_double()[39m,
  ..   Angiogenin = [32mcol_double()[39m,
  ..   `Coagulation Factor IX` = [32mcol_double()[39m,
  ..   `Coagulation Factor X` = [32mcol_double()[39m,
  ..   GDF2 = [32mcol_double()[39m,
  ..   Insulin = [32mcol_double()[39m,
  ..   `MCP-3` = [32mcol_double()[39m,
  ..   WNT7A = [32mcol_double()[39m,
  ..   ACTH = [32mcol_double()[39m,
  ..   Glucagon = [32mcol_double()[39m,
  ..   C3a = [32mcol_double()[39m,
  ..   Calcineurin = [32mcol_double()[39m,
  ..   `Caspase-2` = [32mcol_double()[39m,
  ..   `Coactosin-like protein` = [32mcol_double()[39m,
  ..   `Coagulation Factor V` = [32mcol_double()[39m,
  ..   `D-dimer` = [32mcol_double()[39m,
  ..   Endoglin = [32mcol_double()[39m,
  ..   `Galectin-8` = [32mcol_double()[39m,
  ..   GIB = [32mcol_double()[39m,
  ..   `Glutathione S-transferase Pi` = [32mcol_double()[39m,
  ..   GOT1 = [32mcol_double()[39m,
  ..   `HCC-4` = [32mcol_double()[39m,
  ..   HCG = [32mcol_double()[39m,
  ..   Hemoglobin = [32mcol_double()[39m,
  ..   IgD = [32mcol_double()[39m,
  ..   `Integrin aVb5` = [32mcol_double()[39m,
  ..   Lysozyme = [32mcol_double()[39m,
  ..   `MIP-3b` = [32mcol_double()[39m,
  ..   MIS = [32mcol_double()[39m,
  ..   `MMP-1` = [32mcol_double()[39m,
  ..   `MMP-13` = [32mcol_double()[39m,
  ..   SHBG = [32mcol_double()[39m,
  ..   `Stanniocalcin-1` = [32mcol_double()[39m,
  ..   TF = [32mcol_double()[39m,
  ..   EPI = [32mcol_double()[39m,
  ..   `40S ribosomal protein SA` = [32mcol_double()[39m,
  ..   AGR2 = [32mcol_double()[39m,
  ..   `annexin I` = [32mcol_double()[39m,
  ..   `annexin II` = [32mcol_double()[39m,
  ..   ARMEL = [32mcol_double()[39m,
  ..   ARP19 = [32mcol_double()[39m,
  ..   ARTS1 = [32mcol_double()[39m,
  ..   `ATP synthase beta chain` = [32mcol_double()[39m,
  ..   C1QBP = [32mcol_double()[39m,
  ..   CAPG = [32mcol_double()[39m,
  ..   `Carbonic anhydrase I` = [32mcol_double()[39m,
  ..   `carbonic anhydrase II` = [32mcol_double()[39m,
  ..   CATZ = [32mcol_double()[39m,
  ..   `cIAP-2` = [32mcol_double()[39m,
  ..   CRK = [32mcol_double()[39m,
  ..   DBNL = [32mcol_double()[39m,
  ..   DERM = [32mcol_double()[39m,
  ..   DSC3 = [32mcol_double()[39m,
  ..   Elafin = [32mcol_double()[39m,
  ..   ERP29 = [32mcol_double()[39m,
  ..   `Esterase D` = [32mcol_double()[39m,
  ..   FABPE = [32mcol_double()[39m,
  ..   FAK1 = [32mcol_double()[39m,
  ..   FCAR = [32mcol_double()[39m,
  ..   FGFR4 = [32mcol_double()[39m,
  ..   `Fibrinogen g-chain dimer` = [32mcol_double()[39m,
  ..   GP1BA = [32mcol_double()[39m,
  ..   GPC5 = [32mcol_double()[39m,
  ..   GRN = [32mcol_double()[39m,
  ..   GSTA3 = [32mcol_double()[39m,
  ..   `hnRNP K` = [32mcol_double()[39m,
  ..   `HPG-` = [32mcol_double()[39m,
  ..   HRG = [32mcol_double()[39m,
  ..   IF4A3 = [32mcol_double()[39m,
  ..   JAK2 = [32mcol_double()[39m,
  ..   LG3BP = [32mcol_double()[39m,
  ..   `Mammaglobin 2` = [32mcol_double()[39m,
  ..   `MMP-14` = [32mcol_double()[39m,
  ..   MK11 = [32mcol_double()[39m,
  ..   MK12 = [32mcol_double()[39m,
  ..   MK13 = [32mcol_double()[39m,
  ..   MAPK14 = [32mcol_double()[39m,
  ..   `Mn SOD` = [32mcol_double()[39m,
  ..   Moesin = [32mcol_double()[39m,
  ..   PBEF = [32mcol_double()[39m,
  ..   `Myokinase, human` = [32mcol_double()[39m,
  ..   NCC27 = [32mcol_double()[39m,
  ..   NCK1 = [32mcol_double()[39m,
  ..   PAFAH = [32mcol_double()[39m,
  ..   PARK7 = [32mcol_double()[39m,
  ..   `Peroxiredoxin-5` = [32mcol_double()[39m,
  ..   `Peroxiredoxin-6` = [32mcol_double()[39m,
  ..   PGP9.5 = [32mcol_double()[39m,
  ..   `phosphoglycerate kinase 1` = [32mcol_double()[39m,
  ..   PPase = [32mcol_double()[39m,
  ..   PUR8 = [32mcol_double()[39m,
  ..   Rb = [32mcol_double()[39m,
  ..   RS3 = [32mcol_double()[39m,
  ..   sCD163 = [32mcol_double()[39m,
  ..   SEPR = [32mcol_double()[39m,
  ..   SIRT2 = [32mcol_double()[39m,
  ..   SPTA2 = [32mcol_double()[39m,
  ..   SSRP1 = [32mcol_double()[39m,
  ..   `Tropomyosin 1 alpha chain` = [32mcol_double()[39m,
  ..   `Trypsin 2` = [32mcol_double()[39m,
  ..   TS = [32mcol_double()[39m,
  ..   `TSG-6` = [32mcol_double()[39m,
  ..   `B7-H1` = [32mcol_double()[39m,
  ..   `B7-H2` = [32mcol_double()[39m,
  ..   CD226 = [32mcol_double()[39m,
  ..   CD244 = [32mcol_double()[39m,
  ..   CD83 = [32mcol_double()[39m,
  ..   CLM6 = [32mcol_double()[39m,
  ..   CRTAM = [32mcol_double()[39m,
  ..   DAF = [32mcol_double()[39m,
  ..   DcR3 = [32mcol_double()[39m,
  ..   EPHAA = [32mcol_double()[39m,
  ..   EPHB2 = [32mcol_double()[39m,
  ..   EphB6 = [32mcol_double()[39m,
  ..   GPNMB = [32mcol_double()[39m,
  ..   `IL-1 sR9` = [32mcol_double()[39m,
  ..   `IL-17B R` = [32mcol_double()[39m,
  ..   `IL-20 Ra` = [32mcol_double()[39m,
  ..   `IL-22BP` = [32mcol_double()[39m,
  ..   `IL-23 R` = [32mcol_double()[39m,
  ..   `IL-7 Ra` = [32mcol_double()[39m,
  ..   `ILT-2` = [32mcol_double()[39m,
  ..   `ILT-4` = [32mcol_double()[39m,
  ..   JAG1 = [32mcol_double()[39m,
  ..   JAG2 = [32mcol_double()[39m,
  ..   JAML1 = [32mcol_double()[39m,
  ..   KI2L4 = [32mcol_double()[39m,
  ..   KI3L2 = [32mcol_double()[39m,
  ..   KI3S1 = [32mcol_double()[39m,
  ..   KLRF1 = [32mcol_double()[39m,
  ..   `LAG-3` = [32mcol_double()[39m,
  ..   `LIMP II` = [32mcol_double()[39m,
  ..   MICB = [32mcol_double()[39m,
  ..   MO2R1 = [32mcol_double()[39m,
  ..   NKp46 = [32mcol_double()[39m,
  ..   `Nogo Receptor` = [32mcol_double()[39m,
  ..   NOTC2 = [32mcol_double()[39m,
  ..   `Notch 1` = [32mcol_double()[39m,
  ..   `Notch-3` = [32mcol_double()[39m,
  ..   `Nr-CAM` = [32mcol_double()[39m,
  ..   NRX1B = [32mcol_double()[39m,
  ..   NRX3B = [32mcol_double()[39m,
  ..   OX2G = [32mcol_double()[39m,
  ..   `Prolactin Receptor` = [32mcol_double()[39m,
  ..   RELT = [32mcol_double()[39m,
  ..   ROBO2 = [32mcol_double()[39m,
  ..   ROBO3 = [32mcol_double()[39m,
  ..   SEM6B = [32mcol_double()[39m,
  ..   `Semaphorin-6A` = [32mcol_double()[39m,
  ..   `sICAM-5` = [32mcol_double()[39m,
  ..   SIG14 = [32mcol_double()[39m,
  ..   SLAF6 = [32mcol_double()[39m,
  ..   `SREC-I` = [32mcol_double()[39m,
  ..   `SREC-II` = [32mcol_double()[39m,
  ..   TAJ = [32mcol_double()[39m,
  ..   TCCR = [32mcol_double()[39m,
  ..   `TGF-b R II` = [32mcol_double()[39m,
  ..   TIMD3 = [32mcol_double()[39m,
  ..   TWEAKR = [32mcol_double()[39m,
  ..   UNC5H3 = [32mcol_double()[39m,
  ..   UNC5H4 = [32mcol_double()[39m,
  ..   PDE7A = [32mcol_double()[39m,
  ..   `AMPK a1b1g1` = [32mcol_double()[39m,
  ..   `K-ras` = [32mcol_double()[39m,
  ..   NMT1 = [32mcol_double()[39m,
  ..   PDE9A = [32mcol_double()[39m,
  ..   PPID = [32mcol_double()[39m,
  ..   PSME3 = [32mcol_double()[39m,
  ..   GCKR = [32mcol_double()[39m,
  ..   `CK2-A1:B` = [32mcol_double()[39m,
  ..   `CK2-A2:B` = [32mcol_double()[39m,
  ..   PDK1 = [32mcol_double()[39m,
  ..   KIF23 = [32mcol_double()[39m,
  ..   IMDH1 = [32mcol_double()[39m,
  ..   HMGR = [32mcol_double()[39m,
  ..   PCSK9 = [32mcol_double()[39m,
  ..   NR1D1 = [32mcol_double()[39m,
  ..   PPIE = [32mcol_double()[39m,
  ..   MP2K4 = [32mcol_double()[39m,
  ..   JNK2 = [32mcol_double()[39m,
  ..   `AMPK a2b2g1` = [32mcol_double()[39m,
  ..   `cGMP-stimulated PDE` = [32mcol_double()[39m,
  ..   `Cyclophilin F` = [32mcol_double()[39m,
  ..   DRAK2 = [32mcol_double()[39m,
  ..   IMDH2 = [32mcol_double()[39m,
  ..   PDE11 = [32mcol_double()[39m,
  ..   PDE1A = [32mcol_double()[39m,
  ..   PDE3A = [32mcol_double()[39m,
  ..   PDE4D = [32mcol_double()[39m,
  ..   PDE5A = [32mcol_double()[39m,
  ..   `TAK1-TAB1` = [32mcol_double()[39m,
  ..   TYK2 = [32mcol_double()[39m,
  ..   ABL2 = [32mcol_double()[39m,
  ..   BCAR3 = [32mcol_double()[39m,
  ..   calreticulin = [32mcol_double()[39m,
  ..   `GRB2-related adapter protein 2` = [32mcol_double()[39m,
  ..   `MMP-16` = [32mcol_double()[39m,
  ..   RAC3 = [32mcol_double()[39m,
  ..   SHC1 = [32mcol_double()[39m,
  ..   VAV = [32mcol_double()[39m,
  ..   GHC2 = [32mcol_double()[39m,
  ..   Eotaxin = [32mcol_double()[39m,
  ..   `Coagulation Factor IXab` = [32mcol_double()[39m,
  ..   Elastase = [32mcol_double()[39m,
  ..   `Apo E2` = [32mcol_double()[39m,
  ..   `Troponin T` = [32mcol_double()[39m,
  ..   Prothrombin = [32mcol_double()[39m,
  ..   EGFRvIII = [32mcol_double()[39m,
  ..   `annexin VI` = [32mcol_double()[39m,
  ..   `B7-2` = [32mcol_double()[39m,
  ..   `calgranulin B` = [32mcol_double()[39m,
  ..   `Caspase-10` = [32mcol_double()[39m,
  ..   CBPE = [32mcol_double()[39m,
  ..   CKAP2 = [32mcol_double()[39m,
  ..   CPNE1 = [32mcol_double()[39m,
  ..   `Cyclin B1` = [32mcol_double()[39m,
  ..   DLL1 = [32mcol_double()[39m,
  ..   GPC6 = [32mcol_double()[39m,
  ..   `hnRNP A2/B1` = [32mcol_double()[39m,
  ..   HVEM = [32mcol_double()[39m,
  ..   `IL-1Ra` = [32mcol_double()[39m,
  ..   `Keratin 18` = [32mcol_double()[39m,
  ..   LIGHT = [32mcol_double()[39m,
  ..   MIF = [32mcol_double()[39m,
  ..   NLGNX = [32mcol_double()[39m,
  ..   OMD = [32mcol_double()[39m,
  ..   PIM1 = [32mcol_double()[39m,
  ..   `PKB beta` = [32mcol_double()[39m,
  ..   `Semaphorin 3E` = [32mcol_double()[39m,
  ..   SET = [32mcol_double()[39m,
  ..   `BAFF Receptor` = [32mcol_double()[39m,
  ..   `BRF-1` = [32mcol_double()[39m,
  ..   `Fas, soluble` = [32mcol_double()[39m,
  ..   `sLeptin R` = [32mcol_double()[39m,
  ..   DR6 = [32mcol_double()[39m,
  ..   CAD15 = [32mcol_double()[39m,
  ..   CD27 = [32mcol_double()[39m,
  ..   RANK = [32mcol_double()[39m,
  ..   SHPS1 = [32mcol_double()[39m,
  ..   FABP = [32mcol_double()[39m,
  ..   `Troponin I, skeletal, fast twitch` = [32mcol_double()[39m,
  ..   `Troponin I` = [32mcol_double()[39m,
  ..   ANP = [32mcol_double()[39m,
  ..   ALCAM = [32mcol_double()[39m,
  ..   ASGR1 = [32mcol_double()[39m,
  ..   CNDP1 = [32mcol_double()[39m,
  ..   COLEC12 = [32mcol_double()[39m,
  ..   CYTN = [32mcol_double()[39m,
  ..   `DEAD-box protein 19B` = [32mcol_double()[39m,
  ..   `Ficolin-3` = [32mcol_double()[39m,
  ..   GAS1 = [32mcol_double()[39m,
  ..   `GRB2 adapter protein` = [32mcol_double()[39m,
  ..   H6ST1 = [32mcol_double()[39m,
  ..   `HSP 90b` = [32mcol_double()[39m,
  ..   `IL-17 RC` = [32mcol_double()[39m,
  ..   `MED-1` = [32mcol_double()[39m,
  ..   `PKC-B-II` = [32mcol_double()[39m,
  ..   `PKC-G` = [32mcol_double()[39m,
  ..   PSMA = [32mcol_double()[39m,
  ..   RANTES = [32mcol_double()[39m,
  ..   RASA1 = [32mcol_double()[39m,
  ..   RBP = [32mcol_double()[39m,
  ..   RGMA = [32mcol_double()[39m,
  ..   RS3A = [32mcol_double()[39m,
  ..   `sICAM-2` = [32mcol_double()[39m,
  ..   SLAF7 = [32mcol_double()[39m,
  ..   SRCN1 = [32mcol_double()[39m,
  ..   `Stress-induced-phosphoprotein 1` = [32mcol_double()[39m,
  ..   `Testican-1` = [32mcol_double()[39m,
  ..   `Testican-2` = [32mcol_double()[39m,
  ..   WNK3 = [32mcol_double()[39m,
  ..   RUXF = [32mcol_double()[39m,
  ..   `Cathepsin D` = [32mcol_double()[39m,
  ..   EGF = [32mcol_double()[39m,
  ..   GITR = [32mcol_double()[39m,
  ..   `bFGF-R` = [32mcol_double()[39m,
  ..   `TRAIL R2` = [32mcol_double()[39m,
  ..   NRP1 = [32mcol_double()[39m,
  ..   AFP = [32mcol_double()[39m,
  ..   BID = [32mcol_double()[39m,
  ..   `b-NGF` = [32mcol_double()[39m,
  ..   C3d = [32mcol_double()[39m,
  ..   CD70 = [32mcol_double()[39m,
  ..   Cripto = [32mcol_double()[39m,
  ..   Epo = [32mcol_double()[39m,
  ..   GDNF = [32mcol_double()[39m,
  ..   `IFN-g R1` = [32mcol_double()[39m,
  ..   `IL-9` = [32mcol_double()[39m,
  ..   `LIF sR` = [32mcol_double()[39m,
  ..   NG36 = [32mcol_double()[39m,
  ..   Noggin = [32mcol_double()[39m,
  ..   S100A12 = [32mcol_double()[39m,
  ..   tau = [32mcol_double()[39m,
  ..   `14-3-3 protein zeta/delta` = [32mcol_double()[39m,
  ..   `3HAO` = [32mcol_double()[39m,
  ..   `aldolase A` = [32mcol_double()[39m,
  ..   ARGI1 = [32mcol_double()[39m,
  ..   BAD = [32mcol_double()[39m,
  ..   `Dynactin subunit 2` = [32mcol_double()[39m,
  ..   `EF-1-beta` = [32mcol_double()[39m,
  ..   `eIF-4H` = [32mcol_double()[39m,
  ..   `eIF-5A-1` = [32mcol_double()[39m,
  ..   `Gastrin-releasing peptide` = [32mcol_double()[39m,
  ..   HINT1 = [32mcol_double()[39m,
  ..   `HSP70 protein 8` = [32mcol_double()[39m,
  ..   `Nucleoside diphosphate kinase A` = [32mcol_double()[39m,
  ..   PEX5 = [32mcol_double()[39m,
  ..   PSME1 = [32mcol_double()[39m,
  ..   S100A7 = [32mcol_double()[39m,
  ..   `WISP-3` = [32mcol_double()[39m,
  ..   Ferritin = [32mcol_double()[39m,
  ..   `TNF-a` = [32mcol_double()[39m,
  ..   TWEAK = [32mcol_double()[39m,
  ..   Tpo = [32mcol_double()[39m,
  ..   PTH = [32mcol_double()[39m,
  ..   `Somatostatin-28` = [32mcol_double()[39m,
  ..   MP2K3 = [32mcol_double()[39m,
  ..   p53 = [32mcol_double()[39m,
  ..   `PolyUbiquitin K48` = [32mcol_double()[39m,
  ..   `PolyUbiquitin K63` = [32mcol_double()[39m,
  ..   NET1 = [32mcol_double()[39m,
  ..   CD47 = [32mcol_double()[39m,
  ..   ANK2 = [32mcol_double()[39m,
  ..   `14-3-3 protein theta` = [32mcol_double()[39m,
  ..   CREL1 = [32mcol_double()[39m,
  ..   `Lectin, mannose-binding 2` = [32mcol_double()[39m,
  ..   LRP1B = [32mcol_double()[39m,
  ..   MYPC1 = [32mcol_double()[39m,
  ..   `N-terminal pro-BNP` = [32mcol_double()[39m,
  ..   `Tropomyosin 4` = [32mcol_double()[39m,
  ..   `PACAP-27` = [32mcol_double()[39m,
  ..   ghrelin = [32mcol_double()[39m,
  ..   `PACAP-38` = [32mcol_double()[39m,
  ..   `a-Synuclein` = [32mcol_double()[39m,
  ..   `BMP-6` = [32mcol_double()[39m,
  ..   HGH = [32mcol_double()[39m,
  ..   SOD3 = [32mcol_double()[39m,
  ..   RSPO4 = [32mcol_double()[39m,
  ..   `Cathepsin H` = [32mcol_double()[39m,
  ..   `Activin AB` = [32mcol_double()[39m,
  ..   PSA = [32mcol_double()[39m,
  ..   `IGFBP-2` = [32mcol_double()[39m,
  ..   `RNase H1` = [32mcol_double()[39m,
  ..   ROR1 = [32mcol_double()[39m,
  ..   CgA = [32mcol_double()[39m,
  ..   `MMP-10` = [32mcol_double()[39m,
  ..   FBLN3 = [32mcol_double()[39m,
  ..   Leptin = [32mcol_double()[39m,
  ..   KEAP1 = [32mcol_double()[39m,
  ..   gpIIbIIIa = [32mcol_double()[39m,
  ..   `Eotaxin-3` = [32mcol_double()[39m,
  ..   SUMO3 = [32mcol_double()[39m,
  ..   `IL-17` = [32mcol_double()[39m,
  ..   CSRP3 = [32mcol_double()[39m,
  ..   `MMP-8` = [32mcol_double()[39m,
  ..   PGM1 = [32mcol_double()[39m,
  ..   DSCAM = [32mcol_double()[39m,
  ..   MUC1 = [32mcol_double()[39m,
  ..   FAM3B = [32mcol_double()[39m,
  ..   `NEUREGULIN-1` = [32mcol_double()[39m,
  ..   INGR2 = [32mcol_double()[39m,
  ..   sLRP1 = [32mcol_double()[39m,
  ..   `IFN-a/b R1` = [32mcol_double()[39m,
  ..   TFF1 = [32mcol_double()[39m,
  ..   HMGN1 = [32mcol_double()[39m,
  ..   MIG = [32mcol_double()[39m,
  ..   CD63 = [32mcol_double()[39m,
  ..   `Trefoil factor 2` = [32mcol_double()[39m,
  ..   `Galectin-7` = [32mcol_double()[39m,
  ..   LEG9 = [32mcol_double()[39m,
  ..   UB2G2 = [32mcol_double()[39m,
  ..   `Transgelin-2` = [32mcol_double()[39m,
  ..   ATPO = [32mcol_double()[39m,
  ..   `Corticotropin-lipotropin` = [32mcol_double()[39m,
  ..   QORL1 = [32mcol_double()[39m,
  ..   PEDF = [32mcol_double()[39m,
  ..   CATF = [32mcol_double()[39m,
  ..   FTCD = [32mcol_double()[39m,
  ..   UBP25 = [32mcol_double()[39m,
  ..   PLXB2 = [32mcol_double()[39m,
  ..   ados = [32mcol_double()[39m
  .. )"
"1",""
"1","
"
"0","    # Handle missing values (optional)"
"0","    biomarker_not_transformed <- na.omit(biomarker_not_transformed)  # Alternatively, impute missing values"
"0",""
"0","    # Melt the data for easier plotting"
"0","    biomarker_long <- biomarker_not_transformed %>%"
"0","      pivot_longer(cols = all_of(sample_proteins),"
"0","                   names_to = ""protein"","
"0","                   values_to = ""value"")"
"0",""
"0","    # Create a histogram facet plot"
"0","    ggplot(biomarker_long, aes(x = value)) +"
"0","      geom_histogram(fill = ""steelblue"", color = ""black"") +"
"0","      facet_wrap(~ protein, scales = ""free_x"") +"
"0","      labs(title = ""Distribution of Selected Proteins"","
"0","           x = ""Protein Value"", y = ""Frequency"")"
